{
    "average_center": {
        "x": 0.5073570589808857,
        "y": 0.5303016613511479
    },
    "average_distances": {
        "left_eye": {
            "x": 0.644548237323761,
            "y": 0.6141274754615391
        },
        "right_eye": {
            "x": 0.3741565367754769,
            "y": 0.6088976581307018
        },
        "left_ear": {
            "x": 0.7254042356329806,
            "y": 0.5810706893310827
        },
        "right_ear": {
            "x": 0.3124762293170481,
            "y": 0.5716303981402341
        },
        "mouth_center": {
            "x": 0.5139661269152865,
            "y": 0.47675675171263077
        },
        "chin": {
            "x": 0.5206716583932147,
            "y": 0.39394723685348737
        },
        "forehead": {
            "x": 0.5001086066750919,
            "y": 0.7069164972094929
        }
    }
}