{
    "average_pose": {
        "NOSE": {
            "x": -0.029917566452996206,
            "y": -0.07837558411440607
        },
        "LEFT_EYE_INNER": {
            "x": -0.016317858029220065,
            "y": -0.09338777436543319
        },
        "LEFT_EYE": {
            "x": -0.008184177390599654,
            "y": -0.09348912676007061
        },
        "LEFT_EYE_OUTER": {
            "x": -0.0006509761689072949,
            "y": -0.09344895676536075
        },
        "RIGHT_EYE_INNER": {
            "x": -0.035182225754705525,
            "y": -0.09293380998453851
        },
        "RIGHT_EYE": {
            "x": -0.039951051443310105,
            "y": -0.09285618074364581
        },
        "RIGHT_EYE_OUTER": {
            "x": -0.044474190069457235,
            "y": -0.0928902137330023
        },
        "LEFT_EAR": {
            "x": 0.018608477913727193,
            "y": -0.0879350497813548
        },
        "RIGHT_EAR": {
            "x": -0.04005133322740005,
            "y": -0.08698742205308656
        },
        "MOUTH_LEFT": {
            "x": -0.012874746474169068,
            "y": -0.06301826832153029
        },
        "MOUTH_RIGHT": {
            "x": -0.03691760336948653,
            "y": -0.06327346939656694
        },
        "LEFT_SHOULDER": {
            "x": 0.08249066795332957,
            "y": 0.004119839329840773
        },
        "RIGHT_SHOULDER": {
            "x": -0.08249066795332957,
            "y": -0.004119839329840773
        },
        "LEFT_ELBOW": {
            "x": 0.09296067185321097,
            "y": 0.12277186207346998
        },
        "RIGHT_ELBOW": {
            "x": -0.11600640403517222,
            "y": 0.10244653778055966
        },
        "LEFT_WRIST": {
            "x": 0.07078730302341914,
            "y": 0.2059669311521417
        },
        "RIGHT_WRIST": {
            "x": -0.12290398801787425,
            "y": 0.16934566768044132
        },
        "LEFT_PINKY": {
            "x": 0.07140601287453861,
            "y": 0.23221747539306092
        },
        "RIGHT_PINKY": {
            "x": -0.13021761393648082,
            "y": 0.18878662977683341
        },
        "LEFT_INDEX": {
            "x": 0.058964284294742646,
            "y": 0.22924918933945188
        },
        "RIGHT_INDEX": {
            "x": -0.12177275070699595,
            "y": 0.18907468260849936
        },
        "LEFT_THUMB": {
            "x": 0.05376754473831694,
            "y": 0.22030526386984325
        },
        "RIGHT_THUMB": {
            "x": -0.1143618097244683,
            "y": 0.18300558386717813
        },
        "LEFT_HIP": {
            "x": 0.027688286567138412,
            "y": 0.20843282632403454
        },
        "RIGHT_HIP": {
            "x": -0.06773503907656266,
            "y": 0.2018071421879833
        },
        "LEFT_KNEE": {
            "x": 0.017007042795924816,
            "y": 0.36517332607911807
        },
        "RIGHT_KNEE": {
            "x": -0.07652668427612822,
            "y": 0.34739511131735173
        },
        "LEFT_ANKLE": {
            "x": 0.006838460847482843,
            "y": 0.48465972974643867
        },
        "RIGHT_ANKLE": {
            "x": -0.08050512181500256,
            "y": 0.47811993438813644
        },
        "LEFT_HEEL": {
            "x": 0.012401951066518233,
            "y": 0.4997348723522687
        },
        "RIGHT_HEEL": {
            "x": -0.07689231962470686,
            "y": 0.4973785992143518
        },
        "LEFT_FOOT_INDEX": {
            "x": -0.02963329283362728,
            "y": 0.5307942102268591
        },
        "RIGHT_FOOT_INDEX": {
            "x": -0.08995858693526963,
            "y": 0.5256295814099958
        }
    }
}