{
    "average_com": {
        "x": 0.5212282124212233,
        "y": 0.67003167951006
    },
    "average_pose": {}
}